id,first_name,last_name,email,gender,ip_address
1,Rolph,Newbigging,rnewbigging0@illinois.edu,Male,233.194.221.196
2,Norry,Devereu,ndevereu1@europa.eu,Female,4.46.125.241
3,Wilburt,Dabbes,wdabbes2@stanford.edu,Male,179.125.24.57
4,Derrik,Camosso,dcamosso3@cnn.com,Male,204.201.228.142
5,Tibold,Claremont,tclaremont4@usda.gov,Male,115.216.193.58
6,Lissa,Aggio,laggio5@ycombinator.com,Female,218.231.4.131
7,Ingram,Breton,ibreton6@state.gov,Male,21.129.4.120
8,Lia,Delucia,ldelucia7@sina.com.cn,Female,88.250.194.74
9,Shaine,Willcock,swillcock8@etsy.com,Female,57.188.245.139
10,Ignazio,Tillard,itillard9@flavors.me,Male,223.47.96.113
11,Noelle,Garnsworth,ngarnswortha@wix.com,Female,218.250.34.25
12,Myrtia,Burleigh,mburleighb@indiatimes.com,Female,220.4.107.29
13,Meriel,Barizeret,mbarizeretc@illinois.edu,Female,222.61.171.180
14,Baxy,Housecroft,bhousecroftd@oracle.com,Male,223.144.165.119
15,Karlik,Oliveto,kolivetoe@ebay.co.uk,Male,98.13.219.15
16,Birdie,Murley,bmurleyf@boston.com,Female,55.74.181.103
17,Drusy,Rupp,druppg@jugem.jp,Female,209.124.107.228
18,Ezmeralda,Robley,erobleyh@twitter.com,Female,101.182.105.24
19,Zack,Leinweber,zleinweberi@pcworld.com,Male,247.209.138.131
20,Jocko,Fauning,jfauningj@biblegateway.com,Male,126.3.86.160
21,Birk,Vasyatkin,bvasyatkink@exblog.jp,Male,207.124.41.149
22,Jessamyn,Kirckman,jkirckmanl@rakuten.co.jp,Female,158.9.8.61
23,Reg,Fleote,rfleotem@example.com,Male,245.202.245.56
24,Eddi,Oxbie,eoxbien@merriam-webster.com,Female,228.123.9.176
25,Reba,Southerton,rsouthertono@51.la,Female,181.75.122.33
26,Evanne,Mourton,emourtonp@opensource.org,Female,97.99.245.85
27,Aryn,Stockport,astockportq@cnbc.com,Female,55.65.76.141
28,Neda,MacMaykin,nmacmaykinr@fc2.com,Female,76.145.13.42
29,Juieta,Casini,jcasinis@etsy.com,Female,139.167.181.196
30,Roley,Spinola,rspinolat@jugem.jp,Male,69.226.0.43
31,Clerkclaude,Taggett,ctaggettu@wikipedia.org,Male,184.6.191.116
32,Frances,Tremoulet,ftremouletv@trellian.com,Female,139.238.176.187
33,Bibbye,Loiterton,bloitertonw@qq.com,Female,251.178.110.59
34,Alf,MacCarrane,amaccarranex@wufoo.com,Male,11.75.8.17
35,Phaidra,Abramchik,pabramchiky@ow.ly,Female,123.5.3.179
36,Vladimir,Cowpe,vcowpez@goodreads.com,Male,37.90.223.81
37,La verne,Torr,ltorr10@360.cn,Female,28.118.188.30
38,Raoul,Franses,rfranses11@mozilla.com,Male,202.84.187.27
39,Melloney,Bitten,mbitten12@webmd.com,Female,127.196.74.118
40,Linnell,Ramm,lramm13@springer.com,Female,214.228.45.60
41,Ham,Tremblet,htremblet14@rakuten.co.jp,Male,239.222.109.241
42,Phillis,Beagan,pbeagan15@livejournal.com,Female,156.52.177.220
43,Roosevelt,Shirtliff,rshirtliff16@sfgate.com,Male,57.123.6.96
44,Sherlock,Gray,sgray17@go.com,Male,19.14.202.119
45,Ailyn,Ingles,aingles18@nasa.gov,Female,134.225.84.175
46,Allyce,Gannon,agannon19@so-net.ne.jp,Female,251.168.220.152
47,Karly,Zuppa,kzuppa1a@un.org,Female,243.167.211.208
48,Robb,Pelman,rpelman1b@zdnet.com,Male,100.22.171.136
49,Arluene,Pauley,apauley1c@google.com.hk,Female,93.131.212.210
50,Herbie,Hughes,hhughes1d@example.com,Male,203.124.43.119
51,Lazarus,Hammatt,lhammatt1e@nsw.gov.au,Male,100.124.129.198
52,Joshua,Wetherhead,jwetherhead1f@comsenz.com,Male,113.134.241.123
53,Sheena,Garfirth,sgarfirth1g@paginegialle.it,Female,78.50.168.137
54,Devlen,Upston,dupston1h@virginia.edu,Male,6.128.9.221
55,Reeta,Bazek,rbazek1i@oakley.com,Female,183.203.170.96
56,Arlie,Kwietak,akwietak1j@cnn.com,Female,215.158.14.89
57,Gianni,Goodliff,ggoodliff1k@over-blog.com,Male,10.199.211.2
58,Chrotoem,Baccas,cbaccas1l@loc.gov,Male,57.210.62.217
59,Tiebold,Stendell,tstendell1m@ask.com,Male,165.225.239.216
60,Allyson,Bossel,abossel1n@theglobeandmail.com,Female,161.13.165.107
61,Riccardo,Grebner,rgrebner1o@youtube.com,Male,170.191.201.110
62,Neda,Chaldecott,nchaldecott1p@lulu.com,Female,158.12.168.169
63,Gil,Kinlock,gkinlock1q@jimdo.com,Male,124.103.231.133
64,Sydney,Herrema,sherrema1r@redcross.org,Male,115.24.36.155
65,Sal,Claxton,sclaxton1s@usgs.gov,Male,131.93.224.2
66,Madelon,Croshaw,mcroshaw1t@oaic.gov.au,Female,226.20.120.252
67,Dacey,Birchner,dbirchner1u@unc.edu,Female,72.210.184.56
68,Bili,Littley,blittley1v@cam.ac.uk,Female,35.196.248.111
69,Robbin,Spincke,rspincke1w@xrea.com,Female,67.74.112.114
70,Renado,Rutt,rrutt1x@yellowbook.com,Male,183.116.111.234
71,Wylie,Eckery,weckery1y@imdb.com,Male,205.109.98.87
72,Axel,Paige,apaige1z@bloglovin.com,Male,70.231.188.178
73,Torry,Danelet,tdanelet20@theglobeandmail.com,Male,15.52.209.118
74,Farley,McCandless,fmccandless21@ebay.com,Male,131.33.43.73
75,Delmore,Haselup,dhaselup22@stanford.edu,Male,154.183.103.141
76,Leese,Zavittieri,lzavittieri23@is.gd,Female,118.214.64.142
77,Madalena,Toynbee,mtoynbee24@symantec.com,Female,184.106.80.165
78,Verne,Longwood,vlongwood25@youku.com,Male,75.243.195.125
79,Lynnell,Lamasna,llamasna26@bbb.org,Female,17.122.103.169
80,Tarra,Maddock,tmaddock27@i2i.jp,Female,12.231.63.24
81,Errol,Folker,efolker28@indiatimes.com,Male,116.179.253.77
82,Ciel,Heigold,cheigold29@answers.com,Female,252.153.186.60
83,Gillie,Dabourne,gdabourne2a@sina.com.cn,Female,24.205.201.176
84,Kippy,Challiss,kchalliss2b@elegantthemes.com,Male,80.32.150.255
85,Viviana,Orts,vorts2c@princeton.edu,Female,176.140.90.202
86,Sharl,Spillett,sspillett2d@seattletimes.com,Female,63.58.3.199
87,Leandra,Danieli,ldanieli2e@yellowbook.com,Female,62.35.162.71
88,Lina,Cordingley,lcordingley2f@smh.com.au,Female,251.24.230.37
89,Virgina,Ashman,vashman2g@admin.ch,Female,186.239.247.74
90,Ameline,Aronson,aaronson2h@networkadvertising.org,Female,25.199.77.78
91,Maurits,Kabos,mkabos2i@pagesperso-orange.fr,Male,250.116.160.198
92,Matthew,Kloisner,mkloisner2j@bravesites.com,Male,14.210.211.240
93,Marthe,Faussett,mfaussett2k@ocn.ne.jp,Female,246.89.122.159
94,Addy,MacDuff,amacduff2l@bandcamp.com,Male,96.187.90.198
95,Annabell,Rappa,arappa2m@java.com,Female,174.144.221.44
96,Tristan,Aimeric,taimeric2n@issuu.com,Male,243.22.148.124
97,Gertrud,Kinnie,gkinnie2o@statcounter.com,Female,76.36.207.157
98,Jarrod,Cockney,jcockney2p@t.co,Male,59.218.173.145
99,Lincoln,Anwyl,lanwyl2q@arizona.edu,Male,26.128.55.191
100,Meir,Maleby,mmaleby2r@uol.com.br,Male,138.215.85.85
