id,first_name,last_name,email,gender,ip_address
1,Brucie,Baile,bbaile0@moonfruit.com,Male,66.155.159.43
2,Hewett,Mancktelow,hmancktelow1@indiegogo.com,Male,248.135.104.183
3,Fidela,Tick,ftick2@addtoany.com,Female,40.163.49.123
4,Hilliary,Harrald,hharrald3@mlb.com,Female,92.67.186.23
5,Dagny,Metzig,dmetzig4@tripod.com,Male,192.145.160.240
6,Torin,Pfaffe,tpfaffe5@sciencedaily.com,Male,3.112.107.195
7,Dorri,Grishankov,dgrishankov6@goo.gl,Female,158.86.27.78
8,Eadith,Clissett,eclissett7@gravatar.com,Female,249.115.33.90
9,Leontine,Headech,lheadech8@ucoz.com,Female,176.99.47.211
10,Welch,Scotts,wscotts9@w3.org,Male,101.231.217.195
11,Donavon,Gaiter,dgaitera@cocolog-nifty.com,Male,211.91.52.210
12,Dare,Peasegood,dpeasegoodb@squidoo.com,Male,176.169.109.68
13,Malvina,Eyton,meytonc@techcrunch.com,Female,109.25.76.95
14,Zondra,Corballis,zcorballisd@nasa.gov,Female,75.11.205.119
15,Edgar,De Stoop,edestoope@multiply.com,Male,109.88.208.148
16,Christan,McAdam,cmcadamf@yandex.ru,Female,233.20.244.159
17,Sara-ann,Mottini,smottinig@thetimes.co.uk,Female,180.75.205.174
18,Kori,Corradino,kcorradinoh@un.org,Female,146.150.254.241
19,Meris,Dowdeswell,mdowdeswelli@friendfeed.com,Female,77.53.126.116
20,Brynna,Conklin,bconklinj@plala.or.jp,Female,131.194.232.97
21,Robin,Kemm,rkemmk@fema.gov,Female,16.46.164.208
22,Lisabeth,Demeza,ldemezal@nytimes.com,Female,105.34.8.21
23,Charmane,Sweedland,csweedlandm@auda.org.au,Female,31.25.178.70
24,Lydia,Culshaw,lculshawn@wix.com,Female,83.43.174.103
25,Ulric,Drohan,udrohano@archive.org,Male,189.117.153.235
26,Sawyer,Petschelt,spetscheltp@netlog.com,Male,37.11.174.252
27,Gabrila,Burchill,gburchillq@imdb.com,Female,96.217.145.171
28,Ricardo,Ellesworth,rellesworthr@symantec.com,Male,22.208.220.133
29,Burke,Dabell,bdabells@blog.com,Male,102.99.7.11
30,Isis,Lepoidevin,ilepoidevint@4shared.com,Female,179.32.53.63
31,Garnette,Fotitt,gfotittu@desdev.cn,Female,183.180.116.247
32,Mignonne,Pikesley,mpikesleyv@nymag.com,Female,32.182.122.162
33,Gardener,Edgett,gedgettw@themeforest.net,Male,123.179.154.121
34,Evita,Gibson,egibsonx@si.edu,Female,212.56.6.114
35,Berke,Metzel,bmetzely@paginegialle.it,Male,189.23.151.159
36,Dylan,Lamputt,dlamputtz@who.int,Male,113.105.213.246
37,Valerye,Shoppee,vshoppee10@facebook.com,Female,211.128.19.121
38,Templeton,Ferrierio,tferrierio11@phoca.cz,Male,240.9.114.108
39,Franklyn,Jendas,fjendas12@va.gov,Male,128.26.104.78
40,Abe,Gaveltone,agaveltone13@issuu.com,Male,106.61.105.111
41,Salomone,Torricina,storricina14@mac.com,Male,126.70.221.27
42,Ginnifer,Riggey,griggey15@mac.com,Female,215.214.95.90
43,Umberto,Sissel,usissel16@columbia.edu,Male,89.238.219.91
44,Dickie,Eke,deke17@state.tx.us,Male,200.69.168.99
45,Rasla,Moreton,rmoreton18@twitpic.com,Female,27.170.76.137
46,Teddy,Loudwell,tloudwell19@list-manage.com,Female,155.218.53.136
47,Ailene,Calles,acalles1a@spiegel.de,Female,255.144.30.231
48,Wade,Drummond,wdrummond1b@ustream.tv,Male,11.205.22.53
49,Cyndy,McCahill,cmccahill1c@google.ru,Female,95.163.22.9
50,Evangelina,Mahady,emahady1d@toplist.cz,Female,147.69.19.42
51,Marietta,Iiannoni,miiannoni1e@flavors.me,Male,121.78.215.66
52,Euell,Yakunkin,eyakunkin1f@blogtalkradio.com,Male,128.198.52.213
53,Keefer,Gabbidon,kgabbidon1g@bravesites.com,Male,86.166.148.68
54,Marjie,Penton,mpenton1h@vkontakte.ru,Female,179.145.58.178
55,Waldemar,Meddows,wmeddows1i@harvard.edu,Male,220.168.247.77
56,Maury,Sollas,msollas1j@craigslist.org,Male,115.241.246.227
57,Cynthie,Gartin,cgartin1k@goodreads.com,Female,180.234.216.82
58,Leslie,Tight,ltight1l@imgur.com,Female,27.249.85.15
59,Hildagarde,Zanini,hzanini1m@histats.com,Female,103.54.10.90
60,Mace,Offell,moffell1n@vk.com,Male,82.130.37.178
61,Casie,Heine,cheine1o@forbes.com,Female,36.80.102.28
62,Royce,Cristofor,rcristofor1p@issuu.com,Male,118.63.77.11
63,Aurelea,Larkby,alarkby1q@ifeng.com,Female,44.62.18.169
64,Adena,Juckes,ajuckes1r@ucla.edu,Female,103.82.226.200
65,Ave,Verrico,averrico1s@biglobe.ne.jp,Male,28.196.121.69
66,Ronna,Essel,ressel1t@globo.com,Female,64.168.60.44
67,Alvy,McLellan,amclellan1u@weather.com,Male,4.125.248.222
68,Rosalie,Gustus,rgustus1v@drupal.org,Female,232.23.90.168
69,Phillie,Sothern,psothern1w@nsw.gov.au,Female,61.168.247.147
70,Paolo,Reynoldson,preynoldson1x@scribd.com,Male,222.155.128.77
71,Archie,Bawle,abawle1y@google.es,Male,181.91.59.143
72,Clementius,Bellon,cbellon1z@acquirethisname.com,Male,99.179.76.85
73,Hagen,McKerlie,hmckerlie20@fema.gov,Male,30.30.68.3
74,Maurie,Grimmer,mgrimmer21@webmd.com,Male,55.10.134.125
75,Forester,Grise,fgrise22@theatlantic.com,Male,91.238.219.186
76,Blithe,Gregolotti,bgregolotti23@blogger.com,Female,60.61.85.205
77,Rayner,Lankford,rlankford24@whitehouse.gov,Male,206.68.124.83
78,Idell,McArtan,imcartan25@smugmug.com,Female,185.9.148.32
79,Mair,Robertsson,mrobertsson26@miitbeian.gov.cn,Female,247.45.200.153
80,Rurik,Middis,rmiddis27@blog.com,Male,178.230.242.171
81,Maggy,Coggeshall,mcoggeshall28@japanpost.jp,Female,247.23.172.149
82,Mycah,Lippini,mlippini29@tinypic.com,Male,140.164.53.30
83,Scott,Twinborough,stwinborough2a@ehow.com,Male,28.204.57.218
84,Albertina,Handmore,ahandmore2b@csmonitor.com,Female,3.166.42.84
85,Neale,Willoughway,nwilloughway2c@squidoo.com,Male,86.194.65.233
86,Cherri,Sidery,csidery2d@mashable.com,Female,120.136.106.100
87,Micaela,Toohey,mtoohey2e@technorati.com,Female,118.67.195.195
88,Claudina,Gregol,cgregol2f@youtube.com,Female,135.193.130.198
89,George,Redley,gredley2g@tiny.cc,Female,230.168.26.226
90,Ervin,McCorkell,emccorkell2h@woothemes.com,Male,248.59.223.196
91,Michael,Lappine,mlappine2i@yellowbook.com,Male,200.58.81.109
92,James,Cluckie,jcluckie2j@goo.gl,Male,172.107.4.56
93,Goldia,Horburgh,ghorburgh2k@epa.gov,Female,1.207.72.78
94,Herb,Paffot,hpaffot2l@hibu.com,Male,27.22.75.118
95,Samaria,Hubane,shubane2m@stumbleupon.com,Female,83.48.88.93
96,Trula,Inskipp,tinskipp2n@ibm.com,Female,100.122.111.35
97,Joane,Aindriu,jaindriu2o@hubpages.com,Female,106.151.165.64
98,Andre,Lake,alake2p@printfriendly.com,Male,250.169.57.231
99,Mechelle,Fintoph,mfintoph2q@cam.ac.uk,Female,89.83.68.98
100,Perkin,Drewe,pdrewe2r@fastcompany.com,Male,200.67.66.108
